Index,"Prediction at (6,6)"
1409,166.68871726721585
1410,168.8518823172792
1411,31.51701184615699
1412,-66.96923898918607
1413,74.98035444705467
1414,121.50145582864538
1415,121.9139786200607
1416,-45.61912611476758
1417,-57.06509755631127
1418,7.565946553541059
1419,9.91208802170085
1420,91.06419587980947
