Index,"Prediction at (6,6)"
1409,166.2593595590888
1410,169.37076430771396
1411,32.02930537988136
1412,-66.79266057481429
1413,74.68749453565245
1414,121.55004578526574
1415,121.93101599516754
1416,-44.88669785500331
1417,-57.17925793361344
1418,7.19211579690492
1419,10.116278490205211
1420,91.23599475880123
