Index,"Prediction at (6,6)"
1409,166.08550019459386
1410,169.5860518943425
1411,31.225532201648633
1412,-67.2442145057582
1413,74.07840920816572
1414,121.33147723008791
1415,120.61616348805846
1416,-46.61555169982748
1417,-57.76683866904075
1418,6.7292570347684215
1419,8.347232894949334
1420,90.47952669794464
